date,is_weekend,n,day_type
2019-04-01,FALSE,7560,Weekday
2019-04-02,FALSE,8696,Weekday
2019-04-03,FALSE,9217,Weekday
2019-04-04,FALSE,4675,Weekday
2019-04-05,FALSE,8616,Weekday
2019-04-06,TRUE,10132,Weekend
2019-04-07,TRUE,6604,Weekend
2019-04-08,FALSE,13947,Weekday
2019-04-09,FALSE,13327,Weekday
2019-04-10,FALSE,6212,Weekday
2019-04-11,FALSE,8699,Weekday
2019-04-12,FALSE,8604,Weekday
2019-04-13,TRUE,8363,Weekend
2019-04-14,TRUE,692,Weekend
2019-04-15,FALSE,8706,Weekday
2019-04-16,FALSE,12179,Weekday
2019-04-17,FALSE,12467,Weekday
2019-04-18,FALSE,6478,Weekday
2019-04-19,FALSE,6515,Weekday
2019-04-20,TRUE,8152,Weekend
2019-04-21,TRUE,13159,Weekend
2019-04-22,FALSE,14617,Weekday
2019-04-23,FALSE,11029,Weekday
2019-04-24,FALSE,12080,Weekday
2019-04-25,FALSE,12646,Weekday
2019-04-26,FALSE,13726,Weekday
2019-04-27,TRUE,1633,Weekend
2019-04-28,TRUE,6635,Weekend
2019-04-29,FALSE,5169,Weekday
2019-04-30,FALSE,4775,Weekday
2019-05-01,FALSE,8854,Weekday
2019-05-02,FALSE,6064,Weekday
2019-05-03,FALSE,10254,Weekday
2019-05-04,TRUE,11370,Weekend
2019-05-05,TRUE,16370,Weekend
2019-05-06,FALSE,10751,Weekday
2019-05-07,FALSE,8073,Weekday
2019-05-08,FALSE,10803,Weekday
2019-05-09,FALSE,11687,Weekday
2019-05-10,FALSE,11441,Weekday
2019-05-11,TRUE,5125,Weekend
2019-05-12,TRUE,4939,Weekend
2019-05-13,FALSE,12645,Weekday
2019-05-14,FALSE,14973,Weekday
2019-05-15,FALSE,16457,Weekday
2019-05-16,FALSE,13987,Weekday
2019-05-17,FALSE,9201,Weekday
2019-05-18,TRUE,10365,Weekend
2019-05-19,TRUE,9514,Weekend
2019-05-20,FALSE,12202,Weekday
2019-05-21,FALSE,8386,Weekday
2019-05-22,FALSE,17102,Weekday
2019-05-23,FALSE,17999,Weekday
2019-05-24,FALSE,11301,Weekday
2019-05-25,TRUE,16482,Weekend
2019-05-26,TRUE,12761,Weekend
2019-05-27,FALSE,7323,Weekday
2019-05-28,FALSE,10875,Weekday
2019-05-29,FALSE,14717,Weekday
2019-05-30,FALSE,16271,Weekday
2019-05-31,FALSE,19166,Weekday
2019-06-01,TRUE,11292,Weekend
2019-06-02,TRUE,16173,Weekend
2019-06-03,FALSE,15350,Weekday
2019-06-04,FALSE,15878,Weekday
2019-06-05,FALSE,16804,Weekday
2019-06-06,FALSE,16804,Weekday
2019-06-07,FALSE,18401,Weekday
2019-06-08,TRUE,18766,Weekend
2019-06-09,TRUE,9638,Weekend
2019-06-10,FALSE,17641,Weekday
2019-06-11,FALSE,19054,Weekday
2019-06-12,FALSE,11725,Weekday
2019-06-13,FALSE,14815,Weekday
2019-06-14,FALSE,18933,Weekday
2019-06-15,TRUE,7676,Weekend
2019-06-16,TRUE,9510,Weekend
2019-06-17,FALSE,15283,Weekday
2019-06-18,FALSE,17358,Weekday
2019-06-19,FALSE,13894,Weekday
2019-06-20,FALSE,13453,Weekday
2019-06-21,FALSE,17939,Weekday
2019-06-22,TRUE,19941,Weekend
2019-06-23,TRUE,11105,Weekend
2019-06-24,FALSE,15249,Weekday
2019-06-25,FALSE,20484,Weekday
2019-06-26,FALSE,19872,Weekday
2019-06-27,FALSE,19142,Weekday
2019-06-28,FALSE,17915,Weekday
2019-06-29,TRUE,21418,Weekend
2019-06-30,TRUE,13882,Weekend
2019-07-01,FALSE,19281,Weekday
2019-07-02,FALSE,15708,Weekday
2019-07-03,FALSE,18138,Weekday
2019-07-04,FALSE,17174,Weekday
2019-07-05,FALSE,16562,Weekday
2019-07-06,TRUE,18487,Weekend
2019-07-07,TRUE,13055,Weekend
2019-07-08,FALSE,14373,Weekday
2019-07-09,FALSE,19666,Weekday
2019-07-10,FALSE,18099,Weekday
2019-07-11,FALSE,18724,Weekday
2019-07-12,FALSE,20870,Weekday
2019-07-13,TRUE,20574,Weekend
2019-07-14,TRUE,19625,Weekend
2019-07-15,FALSE,18368,Weekday
2019-07-16,FALSE,16133,Weekday
2019-07-17,FALSE,17965,Weekday
2019-07-18,FALSE,12895,Weekday
2019-07-19,FALSE,16420,Weekday
2019-07-20,TRUE,15600,Weekend
2019-07-21,TRUE,12589,Weekend
2019-07-22,FALSE,19826,Weekday
2019-07-23,FALSE,20444,Weekday
2019-07-24,FALSE,20743,Weekday
2019-07-25,FALSE,20664,Weekday
2019-07-26,FALSE,20208,Weekday
2019-07-27,TRUE,20717,Weekend
2019-07-28,TRUE,17742,Weekend
2019-07-29,FALSE,15073,Weekday
2019-07-30,FALSE,20724,Weekday
2019-07-31,FALSE,20868,Weekday
2019-08-01,FALSE,20957,Weekday
2019-08-02,FALSE,21777,Weekday
2019-08-03,TRUE,23002,Weekend
2019-08-04,TRUE,19955,Weekend
2019-08-05,FALSE,19865,Weekday
2019-08-06,FALSE,20224,Weekday
2019-08-07,FALSE,21182,Weekday
2019-08-08,FALSE,21506,Weekday
2019-08-09,FALSE,21320,Weekday
2019-08-10,TRUE,22295,Weekend
2019-08-11,TRUE,17500,Weekend
2019-08-12,FALSE,13007,Weekday
2019-08-13,FALSE,19085,Weekday
2019-08-14,FALSE,18295,Weekday
2019-08-15,FALSE,20723,Weekday
2019-08-16,FALSE,19799,Weekday
2019-08-17,TRUE,14822,Weekend
2019-08-18,TRUE,14136,Weekend
2019-08-19,FALSE,19618,Weekday
2019-08-20,FALSE,15744,Weekday
2019-08-21,FALSE,19374,Weekday
2019-08-22,FALSE,20889,Weekday
2019-08-23,FALSE,20779,Weekday
2019-08-24,TRUE,21589,Weekend
2019-08-25,TRUE,17678,Weekend
2019-08-26,FALSE,10277,Weekday
2019-08-27,FALSE,19595,Weekday
2019-08-28,FALSE,19677,Weekday
2019-08-29,FALSE,19328,Weekday
2019-08-30,FALSE,18825,Weekday
2019-08-31,TRUE,17361,Weekend
2019-09-01,TRUE,16751,Weekend
2019-09-02,FALSE,18934,Weekday
2019-09-03,FALSE,13481,Weekday
2019-09-04,FALSE,18383,Weekday
2019-09-05,FALSE,20129,Weekday
2019-09-06,FALSE,17138,Weekday
2019-09-07,TRUE,18704,Weekend
2019-09-08,TRUE,10430,Weekend
2019-09-09,FALSE,17027,Weekday
2019-09-10,FALSE,18278,Weekday
2019-09-11,FALSE,18079,Weekday
2019-09-12,FALSE,17715,Weekday
2019-09-13,FALSE,16447,Weekday
2019-09-14,TRUE,20696,Weekend
2019-09-15,TRUE,13371,Weekend
2019-09-16,FALSE,17615,Weekday
2019-09-17,FALSE,18969,Weekday
2019-09-18,FALSE,19463,Weekday
2019-09-19,FALSE,19532,Weekday
2019-09-20,FALSE,19849,Weekday
2019-09-21,TRUE,14369,Weekend
2019-09-22,TRUE,6901,Weekend
2019-09-23,FALSE,18694,Weekday
2019-09-24,FALSE,19718,Weekday
2019-09-25,FALSE,18299,Weekday
2019-09-26,FALSE,19256,Weekday
2019-09-27,FALSE,9091,Weekday
2019-09-28,TRUE,9362,Weekend
2019-09-29,TRUE,8282,Weekend
2019-09-30,FALSE,18256,Weekday
2019-10-01,FALSE,18425,Weekday
2019-10-02,FALSE,9882,Weekday
2019-10-03,FALSE,15647,Weekday
2019-10-04,FALSE,14570,Weekday
2019-10-05,TRUE,10452,Weekend
2019-10-06,TRUE,13396,Weekend
2019-10-07,FALSE,17256,Weekday
2019-10-08,FALSE,17537,Weekday
2019-10-09,FALSE,17226,Weekday
2019-10-10,FALSE,15795,Weekday
2019-10-11,FALSE,8016,Weekday
2019-10-12,TRUE,8702,Weekend
2019-10-13,TRUE,10533,Weekend
2019-10-14,FALSE,13785,Weekday
2019-10-15,FALSE,13297,Weekday
2019-10-16,FALSE,12886,Weekday
2019-10-17,FALSE,13635,Weekday
2019-10-18,FALSE,14096,Weekday
2019-10-19,TRUE,13953,Weekend
2019-10-20,TRUE,10419,Weekend
2019-10-21,FALSE,11757,Weekday
2019-10-22,FALSE,11011,Weekday
2019-10-23,FALSE,13011,Weekday
2019-10-24,FALSE,12390,Weekday
2019-10-25,FALSE,11910,Weekday
2019-10-26,TRUE,3326,Weekend
2019-10-27,TRUE,9422,Weekend
2019-10-28,FALSE,11780,Weekday
2019-10-29,FALSE,9876,Weekday
2019-10-30,FALSE,4335,Weekday
2019-10-31,FALSE,3460,Weekday
2019-11-01,FALSE,7312,Weekday
2019-11-02,TRUE,5271,Weekend
2019-11-03,TRUE,6096,Weekend
2019-11-04,FALSE,11067,Weekday
2019-11-05,FALSE,10013,Weekday
2019-11-06,FALSE,9571,Weekday
2019-11-07,FALSE,7506,Weekday
2019-11-08,FALSE,6772,Weekday
2019-11-09,TRUE,5396,Weekend
2019-11-10,TRUE,4648,Weekend
2019-11-11,FALSE,2174,Weekday
2019-11-12,FALSE,3471,Weekday
2019-11-13,FALSE,4139,Weekday
2019-11-14,FALSE,5539,Weekday
2019-11-15,FALSE,6137,Weekday
2019-11-16,TRUE,4260,Weekend
2019-11-17,TRUE,3507,Weekend
2019-11-18,FALSE,7795,Weekday
2019-11-19,FALSE,7456,Weekday
2019-11-20,FALSE,9205,Weekday
2019-11-21,FALSE,6717,Weekday
2019-11-22,FALSE,7612,Weekday
2019-11-23,TRUE,4434,Weekend
2019-11-24,TRUE,5041,Weekend
2019-11-25,FALSE,9074,Weekday
2019-11-26,FALSE,6437,Weekday
2019-11-27,FALSE,4340,Weekday
2019-11-28,FALSE,1575,Weekday
2019-11-29,FALSE,3073,Weekday
2019-11-30,TRUE,1538,Weekend
2019-12-01,TRUE,1887,Weekend
2019-12-02,FALSE,6964,Weekday
2019-12-03,FALSE,7684,Weekday
2019-12-04,FALSE,8200,Weekday
2019-12-05,FALSE,8788,Weekday
2019-12-06,FALSE,7221,Weekday
2019-12-07,TRUE,4162,Weekend
2019-12-08,TRUE,3975,Weekend
2019-12-09,FALSE,6948,Weekday
2019-12-10,FALSE,5388,Weekday
2019-12-11,FALSE,4862,Weekday
2019-12-12,FALSE,6628,Weekday
2019-12-13,FALSE,7485,Weekday
2019-12-14,TRUE,3511,Weekend
2019-12-15,TRUE,2645,Weekend
2019-12-16,FALSE,5765,Weekday
2019-12-17,FALSE,5973,Weekday
2019-12-18,FALSE,4762,Weekday
2019-12-19,FALSE,5691,Weekday
2019-12-20,FALSE,5778,Weekday
2019-12-21,TRUE,3851,Weekend
2019-12-22,TRUE,3953,Weekend
2019-12-23,FALSE,5540,Weekday
2019-12-24,FALSE,3062,Weekday
2019-12-25,FALSE,2420,Weekday
2019-12-26,FALSE,5801,Weekday
2019-12-27,FALSE,3981,Weekday
2019-12-28,TRUE,2768,Weekend
2019-12-29,TRUE,3902,Weekend
2019-12-30,FALSE,3308,Weekday
2019-12-31,FALSE,2189,Weekday
